<?xml version="1.0" encoding="UTF-8"?><rss version="2.0"
	xmlns:content="http://purl.org/rss/1.0/modules/content/"
	xmlns:wfw="http://wellformedweb.org/CommentAPI/"
	xmlns:dc="http://purl.org/dc/elements/1.1/"
	xmlns:atom="http://www.w3.org/2005/Atom"
	xmlns:sy="http://purl.org/rss/1.0/modules/syndication/"
	xmlns:slash="http://purl.org/rss/1.0/modules/slash/"
	>

<channel>
	<title>Pascal Casier &#8211; Global WordPress Translation Day 3</title>
	<atom:link href="https://https://https://wptranslationday.org/htmlarchive/gwtd03/htmlarchive/gwtd03/author/casiepa/feed/" rel="self" type="application/rss+xml" />
	<link>https://https://https://wptranslationday.org/htmlarchive/gwtd03/htmlarchive/gwtd03/</link>
	<description>September 30th, 2017</description>
	<lastBuildDate>Fri, 20 Jul 2018 19:30:57 +0000</lastBuildDate>
	<language>en-US</language>
	<sy:updatePeriod>hourly</sy:updatePeriod>
	<sy:updateFrequency>1</sy:updateFrequency>
	<generator>https://wordpress.org/?v=4.9.7</generator>
	<item>
		<title>Call for Speakers prolonged, new deadline Sept 15</title>
		<link>https://https://https://wptranslationday.org/htmlarchive/gwtd03/htmlarchive/gwtd03/call-speakers-prolonged-new-deadline-sept-15/</link>
		<comments>https://https://https://wptranslationday.org/htmlarchive/gwtd03/htmlarchive/gwtd03/call-speakers-prolonged-new-deadline-sept-15/#respond</comments>
		<pubDate>Fri, 01 Sep 2017 07:43:48 +0000</pubDate>
		<dc:creator><![CDATA[Pascal Casier]]></dc:creator>
				<category><![CDATA[Blog]]></category>
		<category><![CDATA[call for speakers]]></category>

		<guid isPermaLink="false">https://https://https://wptranslationday.org/htmlarchive/gwtd03/htmlarchive/gwtd03/?p=645</guid>
		<description><![CDATA[<p>You were enjoying some well deserved holidays and are now back and ready to focus on WordPress? Well, as requested, we have prolonged the deadline for speakers submissions.<br />
Fill the form on https://https://https://wptranslationday.org/htmlarchive/gwtd03/htmlarchive/gwtd03/call-for-speaker/ before Sept 15 and speak during our live-stream event.</p>
<p>The post <a rel="nofollow" href="https://https://https://wptranslationday.org/htmlarchive/gwtd03/htmlarchive/gwtd03/call-speakers-prolonged-new-deadline-sept-15/">Call for Speakers prolonged, new deadline Sept 15</a> appeared first on <a rel="nofollow" href="https://https://https://wptranslationday.org/htmlarchive/gwtd03/htmlarchive/gwtd03/">Global WordPress Translation Day 3</a>.</p>
]]></description>
				<content:encoded><![CDATA[<p>You were enjoying some well deserved holidays and are now back and ready to focus on WordPress? Well, as requested, we have prolonged the deadline for speakers submissions.</p>
<p>Fill the form on <a href="https://https://https://wptranslationday.org/htmlarchive/gwtd03/htmlarchive/gwtd03/call-for-speaker/">https://https://https://wptranslationday.org/htmlarchive/gwtd03/htmlarchive/gwtd03/call-for-speaker/</a> <strong>before Sept 15</strong> and speak during our live-stream event. Bring your presentation about localization or internationalization, as translator or as developer, or present the work of your translation team.</p>
<p>We are sure to be able we can bring all together a nice variety of talks to make this event a success!</p>
<p>The post <a rel="nofollow" href="https://https://https://wptranslationday.org/htmlarchive/gwtd03/htmlarchive/gwtd03/call-speakers-prolonged-new-deadline-sept-15/">Call for Speakers prolonged, new deadline Sept 15</a> appeared first on <a rel="nofollow" href="https://https://https://wptranslationday.org/htmlarchive/gwtd03/htmlarchive/gwtd03/">Global WordPress Translation Day 3</a>.</p>
]]></content:encoded>
			<wfw:commentRss>https://https://https://wptranslationday.org/htmlarchive/gwtd03/htmlarchive/gwtd03/call-speakers-prolonged-new-deadline-sept-15/feed/</wfw:commentRss>
		<slash:comments>0</slash:comments>
		</item>
		<item>
		<title>Global WordPress Translation Day #3</title>
		<link>https://https://https://wptranslationday.org/htmlarchive/gwtd03/htmlarchive/gwtd03/global-wordpress-translation-day-3/</link>
		<comments>https://https://https://wptranslationday.org/htmlarchive/gwtd03/htmlarchive/gwtd03/global-wordpress-translation-day-3/#respond</comments>
		<pubDate>Tue, 22 Aug 2017 10:05:00 +0000</pubDate>
		<dc:creator><![CDATA[Pascal Casier]]></dc:creator>
				<category><![CDATA[Blog]]></category>

		<guid isPermaLink="false">https://https://https://wptranslationday.org/htmlarchive/gwtd03/htmlarchive/gwtd03/?p=383</guid>
		<description><![CDATA[<p>It is happening again! On September 30th, international translation day, we&#8217;re inviting everyone who wants to help translate WordPress, themes, and plugins into their own language, to join us for a 24-hour global translation sprint! What are we doing? For everyone who&#8217;s new to the Translation Day events, here&#8217;s a summary of what we do [&#8230;]</p>
<p>The post <a rel="nofollow" href="https://https://https://wptranslationday.org/htmlarchive/gwtd03/htmlarchive/gwtd03/global-wordpress-translation-day-3/">Global WordPress Translation Day #3</a> appeared first on <a rel="nofollow" href="https://https://https://wptranslationday.org/htmlarchive/gwtd03/htmlarchive/gwtd03/">Global WordPress Translation Day 3</a>.</p>
]]></description>
				<content:encoded><![CDATA[<p><a href="https://https://https://wptranslationday.org/htmlarchive/gwtd03/htmlarchive/gwtd03/"><img class="wp-image-13464 size-full alignnone" src="https://make.wordpress.org/polyglots/files/2017/08/WPTD3-FB_event_Cover.png" alt="Infobanner for Global WordPress Translation Day" width="851" height="315" /></a></p>
<p>It is happening again! On September 30th, international translation day, we&#8217;re inviting everyone who wants to help translate WordPress, themes, and plugins into their own language, to join us for a 24-hour global translation sprint!</p>
<h2>What are we doing?</h2>
<p>For everyone who&#8217;s new to the Translation Day events, here&#8217;s a summary of what we do during one:</p>
<ul>
<li>Local translation contributor days – on site events in different cities around the world (last time we had more than 60, let’s beat that!)</li>
<li>Remote support for as many languages as possible to help contributors who would like to join from their home</li>
<li><a href="https://www.crowdcast.io/e/gwtd3/">24 hours of live streaming sessions</a> dedicated to different topics around WordPress localization and internationalization (L10n and i18n).</li>
</ul>
<h2>Who are the sessions for?</h2>
<ul>
<li>Everyone who would like to learn how to translate WordPress in their language</li>
<li>New and experienced translation editors – the sessions will have useful tips and advice how to build and maintain a strong translation team</li>
<li>Developers who would like to find translators for their projects – the sessions will teach you how to work with the polyglots team and how to build a translation community around your products</li>
<li>Developers who would like to learn how to prepare their plugins and themes for localization</li>
<li>Everyone who would like to learn how translations work in WordPress and get a general idea of the work of the Polyglots team.</li>
</ul>
<h2>When is it happening?</h2>
<p>On September 30th, 2017, starting at <a href="https://https://https://wptranslationday.org/htmlarchive/gwtd03/htmlarchive/gwtd03/#when">exactly 00:00 UTC</a>. (<a href="http://arewemeetingyet.com/UTC/2017-09-30/00:00/Global%20WordPress%20Translation%20Day%203">See when the event starts for you</a>!)</p>
<p>Please see<a href="https://https://https://wptranslationday.org/htmlarchive/gwtd03/htmlarchive/gwtd03/#when"> all relevant details on our event website.</a></p>
<h2>Why are we doing it?</h2>
<ul>
<li>To have fun and get to know each other better.</li>
<li>To encourage more translation contributors to get involved and expand the WordPress Polyglots team</li>
<li>To educate existing translation contributors and project translation editors to reduce the amount of waiting strings.</li>
<li>To improve the general understanding of how WordPress deals with translations among the development community</li>
<li>To create strong connections between the plugin and theme authors and the WordPress translation community</li>
<li>To educate translation editors to use the existing tools to improve the experience.</li>
</ul>
<h2>How can you join?</h2>
<ul>
<li><strong>Translate</strong> – Just join us on September 30th in your own timezone and translate WordPress or your favorite plugins and themes to your language at <a href="http://translate.wordpress.org/">http://translate.wordpress.org/</a> and perhaps even see your translation go live on your own WordPress site.</li>
<li><strong>Watch live sessions</strong> at <a href="https://www.crowdcast.io/e/gwtd3/">https://www.crowdcast.io/e/gwtd3/<br />
</a></li>
<li><strong>Organize a local event</strong> – put your name down for organizing an event <del>in the <a href="https://docs.google.com/spreadsheets/d/1Fecq1StAPn9nDgabGMLdXiqszWkkxP6-5cM5YHXwLPg/edit?usp=drivesdk">“Local events” tab on the GWTD3 org spreadsheet</a></del> and fill in your local events details in the <a href="https://https://https://wptranslationday.org/htmlarchive/gwtd03/htmlarchive/gwtd03/add-local-events/">form on wptranslationday.org</a></li>
<li><strong>Organize a remote event</strong> – put your name down for organizing a remote event in the <a href="https://docs.google.com/spreadsheets/d/1Fecq1StAPn9nDgabGMLdXiqszWkkxP6-5cM5YHXwLPg/edit?usp=drivesdk">“Remote events” tab on the GWTD3 org spreadsheet</a></li>
<li><strong>Join the organizing team</strong> of Global WordPress Translation Day –  simply join the special <a href="https://wordpress.slack.com/messages/polyglots-events/">slack channel</a>!</li>
<li><strong>Speak</strong> – Become a speaker during Global WordPress Translation Day – <a href="https://https://https://wptranslationday.org/htmlarchive/gwtd03/htmlarchive/gwtd03/call-for-speaker/">suggest a topic by filling this short survey</a></li>
</ul>
<p>Looking forward to contributing with you. <strong>Happy translating! </strong></p>
<p>Birgit<br />
<em>Global Polyglots team mentor</em><br />
<em>Lead for communication &#8211; Global WordPress Translation Day organizing team</em></p>
<hr />
<p>P.S Important links:</p>
<ul>
<li>Organizer spreadsheet: <a href="https://goo.gl/M9Vszp">https://goo.gl/M9Vszp</a></li>
<li>CrowdCast event: <a href="https://www.crowdcast.io/e/gwtd3/">https://www.crowdcast.io/e/gwtd3/</a></li>
<li>WPTranslationDay official website: <a href="https://https://https://wptranslationday.org/htmlarchive/gwtd03/htmlarchive/gwtd03/">https://https://https://wptranslationday.org/htmlarchive/gwtd03/htmlarchive/gwtd03/</a></li>
<li>Call for Speaker poll: <a href="https://https://https://wptranslationday.org/htmlarchive/gwtd03/htmlarchive/gwtd03/call-for-speaker/">https://https://https://wptranslationday.org/htmlarchive/gwtd03/htmlarchive/gwtd03/call-for-speaker/</a></li>
<li>Call for local events: <a href="https://https://https://wptranslationday.org/htmlarchive/gwtd03/htmlarchive/gwtd03/add-local-events/">https://https://https://wptranslationday.org/htmlarchive/gwtd03/htmlarchive/gwtd03/add-local-events/</a></li>
<li>[Guide] <a href="https://make.wordpress.org/polyglots/handbook/about/get-involved/guide-organize-a-local-event-on-global-wordpress-translation-day/">Organize a local event on Global WordPress Translation Day</a></li>
<li>Events Slack Channel: <a href="https://wordpress.slack.com/messages/polyglots-events">#polyglots-events</a></li>
<li>WP Polyglots Twitter: <a href="https://twitter.com/translatewp">https://twitter.com/translatewp</a></li>
<li>Follow <a href="https://https://https://wptranslationday.org/htmlarchive/gwtd03/htmlarchive/gwtd03/social-mentions/">#wptranslationday</a></li>
</ul>
<h3>Further reading</h3>
<p>Want to read more about previous Translation Days, watch videos and learn how they were organized? Here are a few links:</p>
<ul>
<li><a href="https://make.wordpress.org/polyglots/2016/04/26/global-wordpress-translation-day-recap-results/">Translation Day 1 results and recap</a></li>
<li><a href="https://make.wordpress.org/polyglots/2016/11/18/global-wordpress-translation-day-2-recap-and-results/">Translation Day 2 results and recap</a></li>
<li><a href="https://make.wordpress.org/polyglots/2016/10/10/a-guide-to-your-global-wordpress-translation-day-local-event/">A Guide to your local translation day</a></li>
<li><a href="http://wordpress.tv/event/global-wordpress-translation-day-2016/">Videos from WordPress Translation Day 1</a></li>
<li><a href="http://wordpress.tv/event/global-wordpress-translation-day-2/">Videos from WordPress Translation Day 2</a></li>
</ul>
<p>The post <a rel="nofollow" href="https://https://https://wptranslationday.org/htmlarchive/gwtd03/htmlarchive/gwtd03/global-wordpress-translation-day-3/">Global WordPress Translation Day #3</a> appeared first on <a rel="nofollow" href="https://https://https://wptranslationday.org/htmlarchive/gwtd03/htmlarchive/gwtd03/">Global WordPress Translation Day 3</a>.</p>
]]></content:encoded>
			<wfw:commentRss>https://https://https://wptranslationday.org/htmlarchive/gwtd03/htmlarchive/gwtd03/global-wordpress-translation-day-3/feed/</wfw:commentRss>
		<slash:comments>0</slash:comments>
		</item>
	</channel>
</rss>
