<?xml version="1.0" encoding="UTF-8"?><rss version="2.0"
	xmlns:content="http://purl.org/rss/1.0/modules/content/"
	xmlns:dc="http://purl.org/dc/elements/1.1/"
	xmlns:atom="http://www.w3.org/2005/Atom"
	xmlns:sy="http://purl.org/rss/1.0/modules/syndication/"
	
	>
<channel>
	<title>Comments on: Call for Speakers prolonged, new deadline Sept 15</title>
	<atom:link href="https://https://https://wptranslationday.org/htmlarchive/gwtd03/htmlarchive/gwtd03/call-speakers-prolonged-new-deadline-sept-15/feed/" rel="self" type="application/rss+xml" />
	<link>https://https://https://wptranslationday.org/htmlarchive/gwtd03/htmlarchive/gwtd03/call-speakers-prolonged-new-deadline-sept-15/</link>
	<description>September 30th, 2017</description>
	<lastBuildDate>Tue, 31 Jul 2018 03:54:04 +0000</lastBuildDate>
	<sy:updatePeriod>hourly</sy:updatePeriod>
	<sy:updateFrequency>1</sy:updateFrequency>
	<generator>https://wordpress.org/?v=4.9.7</generator>
</channel>
</rss>
