<?xml version="1.0" encoding="UTF-8"?><rss version="2.0"
	xmlns:content="http://purl.org/rss/1.0/modules/content/"
	xmlns:wfw="http://wellformedweb.org/CommentAPI/"
	xmlns:dc="http://purl.org/dc/elements/1.1/"
	xmlns:atom="http://www.w3.org/2005/Atom"
	xmlns:sy="http://purl.org/rss/1.0/modules/syndication/"
	xmlns:slash="http://purl.org/rss/1.0/modules/slash/"
	>

<channel>
	<title>Global WordPress Translation Day 3</title>
	<atom:link href="https://https://https://wptranslationday.org/htmlarchive/gwtd03/htmlarchive/gwtd03/feed/" rel="self" type="application/rss+xml" />
	<link>https://https://https://wptranslationday.org/htmlarchive/gwtd03/htmlarchive/gwtd03/</link>
	<description>September 30th, 2017</description>
	<lastBuildDate>Fri, 20 Jul 2018 19:30:57 +0000</lastBuildDate>
	<language>en-US</language>
	<sy:updatePeriod>hourly</sy:updatePeriod>
	<sy:updateFrequency>1</sy:updateFrequency>
	<generator>https://wordpress.org/?v=4.9.7</generator>
	<item>
		<title>Why Translate WordPress?</title>
		<link>https://https://https://wptranslationday.org/htmlarchive/gwtd03/htmlarchive/gwtd03/why-translate-wordpress/</link>
		<comments>https://https://https://wptranslationday.org/htmlarchive/gwtd03/htmlarchive/gwtd03/why-translate-wordpress/#respond</comments>
		<pubDate>Wed, 20 Sep 2017 10:00:13 +0000</pubDate>
		<dc:creator><![CDATA[Birgit Olzem]]></dc:creator>
				<category><![CDATA[Blog]]></category>
		<category><![CDATA[WPTranslationDay]]></category>

		<guid isPermaLink="false">https://https://https://wptranslationday.org/htmlarchive/gwtd03/htmlarchive/gwtd03/?p=880</guid>
		<description><![CDATA[<p>Written by Rounak Ahmed (@rounak1 ) Imagine being able to contribute to something that is free, powers 28% of the web, and is also the no.1 Content Management System thus far? Or better yet, imagine being able to play a part in making this tool more inclusive and accessible to all with a small percentage of [&#8230;]</p>
<p>The post <a rel="nofollow" href="https://https://https://wptranslationday.org/htmlarchive/gwtd03/htmlarchive/gwtd03/why-translate-wordpress/">Why Translate WordPress?</a> appeared first on <a rel="nofollow" href="https://https://https://wptranslationday.org/htmlarchive/gwtd03/htmlarchive/gwtd03/">Global WordPress Translation Day 3</a>.</p>
]]></description>
				<content:encoded><![CDATA[<p><em>Written by Rounak Ahmed (<a href="https://profiles.wordpress.org/rounakahmed">@rounak1 </a>)</em></p>
<p>Imagine being able to contribute to something that is free, powers 28% of the web, and is also the no.1 Content Management System thus far?</p>
<p>Or better yet, imagine being able to play a part in making this tool more inclusive and accessible to all with a small percentage of your time, value-addition, and inputs. And also get recognized for it! Sounds great, isn&#8217;t it?!</p>
<p>So what are we talking about? WordPress. Of course.</p>
<p>WordPress is getting larger every day, along with an ecosystem of thousands of developers and coders constantly building new plugins, extensions, and themes. And even though it has more than 44000 plugins and billions of downloads already, which is ever growing, it also needs a good number of hands to be fully used (and useful) all over the world.</p>
<p>After all the WordPress mission is to bring users globally a publishing tool that is easy to use, accessible, and customizable to each and any need.</p>
<p>And what better way to add your value to this global platform than by translating WordPress in your languages?!</p>
<h3>So why should you become a WordPress Polyglot?</h3>
<p>With all the hype about #WPTranslationDay coming in on 30th September, we feel the need to share the benefits with our readers.</p>
<p>Here we bring some answers to the curious minds:</p>
<ul>
<li><strong>Be a part of something big</strong><br />
You will be making contributions to a massive open source project that empowers about 28% of the web, is the no.1 CMS available, so far, and is growing so fast that it could potentially take over the web. This will also make you a part of the massive and super active WordPress Community, a global team that really rocks!. Imagine the recognition you will get and how noticeable your work will be!Even though the translation teams (and the WordPress community) are run by volunteers, when you make a significant contribution, your name will be recognized on the Polyglot teams and you may even receive badges on your profile. And this contribution at WordPress is something that you can take further in your career anywhere you go.</li>
<li><strong>Add value in the right ways for the right reasons</strong><br />
It’s something as big as Wikipedia. Every open source/free software project needs good hands that consistently help it to grow. WordPress, too, needs volunteers who can invest their time and valuable knowledge to translate the software, write codes, design graphics, write documentation, and provide support. Ultimately, it’s all for a better experience for all WordPress users, and for the larger digital world.</li>
<li><strong>Help your community learn, grow, and flourish</strong><br />
You will be helping your community! Think about the number of people from your local area who will benefit from your translation of the WordPress software. Perhaps immense, right!? You could even translate to the language version that is spoken in your country.Think also about all the uniqueness you can bring to the table with your edition of a translation, which could be more updated, modern and advanced than the previous ones. And if there are no previous translations, you can make a fresh start, and you will be the pioneer who will have begun the localization of WordPress in a unique local language!</li>
<li><strong>Introduce and help global learners with your translation</strong><br />
You will be empowering many non-English speakers in three big ways:</p>
<ol>
<li>Your translation will introduce them to a powerful platform and possibly Intrigue them to learn more about how to make the best use of it.</li>
<li>Access to the WordPress ecosystem will allow non-English speakers to take advantage of the opportunity to build websites and blogs for their business and activities, as well as inspire coders and developers to produce more themes and plugins, maybe to address local issues.</li>
<li>You would be offering respite to those who prefer to use the software in their own language rather than in English.</li>
</ol>
</li>
<li><strong>Network with people with the same interests and beyond</strong><br />
You will get to know and work with people who are from your area as well as people from other countries who work on the same line and with the same interests as you. This could be the single most important benefit, especially if you are just starting off your career in WordPress. Many teams start with the more objective of translating WordPress and evolve into a full-fledged community, organizing meetups and sometimes even WordCamps. Socialize and network, build more contacts for your own future endeavors: this will help you tremendously both in and out of work, as well as help, provide better translations, more efficiently and higher in quality.</li>
<li><strong>Increase your knowledge base &amp; enhance your skills<br />
</strong>As you browse through other popular software and services, you will be gaining more strength in your intercultural communication. It will enrich your cultural knowledge on the target and source languages. In addition, it will force you to challenge your reading and comprehension, language and writing skills. It will also improve your translation expertise as you figure out the interaction between two languages. So this is a great platform to utilize your language skills.</li>
<li><strong>Work with a seamless platform</strong><br />
Your contribution doesn’t end just with translation. Every time you release a new version of your translation, your users are offered an upgrade in their dashboards. What’s more? This is featured as an automatic update for all WordPress sites that are using your language. So you won’t even have to manually inform every user about your new version!</li>
</ul>
<p><a href="https://https://https://wptranslationday.org/htmlarchive/gwtd03/htmlarchive/gwtd03/#what">The Global WordPress Translation Day</a> is a great opportunity for you to join other WordPress lovers in your local community, and to learn more about the platform and translating WordPress.</p>
<p>&nbsp;</p>
<p>&nbsp;</p>
<p>The post <a rel="nofollow" href="https://https://https://wptranslationday.org/htmlarchive/gwtd03/htmlarchive/gwtd03/why-translate-wordpress/">Why Translate WordPress?</a> appeared first on <a rel="nofollow" href="https://https://https://wptranslationday.org/htmlarchive/gwtd03/htmlarchive/gwtd03/">Global WordPress Translation Day 3</a>.</p>
]]></content:encoded>
			<wfw:commentRss>https://https://https://wptranslationday.org/htmlarchive/gwtd03/htmlarchive/gwtd03/why-translate-wordpress/feed/</wfw:commentRss>
		<slash:comments>0</slash:comments>
		</item>
		<item>
		<title>Call for Speakers prolonged, new deadline Sept 15</title>
		<link>https://https://https://wptranslationday.org/htmlarchive/gwtd03/htmlarchive/gwtd03/call-speakers-prolonged-new-deadline-sept-15/</link>
		<comments>https://https://https://wptranslationday.org/htmlarchive/gwtd03/htmlarchive/gwtd03/call-speakers-prolonged-new-deadline-sept-15/#respond</comments>
		<pubDate>Fri, 01 Sep 2017 07:43:48 +0000</pubDate>
		<dc:creator><![CDATA[Pascal Casier]]></dc:creator>
				<category><![CDATA[Blog]]></category>
		<category><![CDATA[call for speakers]]></category>

		<guid isPermaLink="false">https://https://https://wptranslationday.org/htmlarchive/gwtd03/htmlarchive/gwtd03/?p=645</guid>
		<description><![CDATA[<p>You were enjoying some well deserved holidays and are now back and ready to focus on WordPress? Well, as requested, we have prolonged the deadline for speakers submissions.<br />
Fill the form on https://https://https://wptranslationday.org/htmlarchive/gwtd03/htmlarchive/gwtd03/call-for-speaker/ before Sept 15 and speak during our live-stream event.</p>
<p>The post <a rel="nofollow" href="https://https://https://wptranslationday.org/htmlarchive/gwtd03/htmlarchive/gwtd03/call-speakers-prolonged-new-deadline-sept-15/">Call for Speakers prolonged, new deadline Sept 15</a> appeared first on <a rel="nofollow" href="https://https://https://wptranslationday.org/htmlarchive/gwtd03/htmlarchive/gwtd03/">Global WordPress Translation Day 3</a>.</p>
]]></description>
				<content:encoded><![CDATA[<p>You were enjoying some well deserved holidays and are now back and ready to focus on WordPress? Well, as requested, we have prolonged the deadline for speakers submissions.</p>
<p>Fill the form on <a href="https://https://https://wptranslationday.org/htmlarchive/gwtd03/htmlarchive/gwtd03/call-for-speaker/">https://https://https://wptranslationday.org/htmlarchive/gwtd03/htmlarchive/gwtd03/call-for-speaker/</a> <strong>before Sept 15</strong> and speak during our live-stream event. Bring your presentation about localization or internationalization, as translator or as developer, or present the work of your translation team.</p>
<p>We are sure to be able we can bring all together a nice variety of talks to make this event a success!</p>
<p>The post <a rel="nofollow" href="https://https://https://wptranslationday.org/htmlarchive/gwtd03/htmlarchive/gwtd03/call-speakers-prolonged-new-deadline-sept-15/">Call for Speakers prolonged, new deadline Sept 15</a> appeared first on <a rel="nofollow" href="https://https://https://wptranslationday.org/htmlarchive/gwtd03/htmlarchive/gwtd03/">Global WordPress Translation Day 3</a>.</p>
]]></content:encoded>
			<wfw:commentRss>https://https://https://wptranslationday.org/htmlarchive/gwtd03/htmlarchive/gwtd03/call-speakers-prolonged-new-deadline-sept-15/feed/</wfw:commentRss>
		<slash:comments>0</slash:comments>
		</item>
		<item>
		<title>Global WordPress Translation Day #3</title>
		<link>https://https://https://wptranslationday.org/htmlarchive/gwtd03/htmlarchive/gwtd03/global-wordpress-translation-day-3/</link>
		<comments>https://https://https://wptranslationday.org/htmlarchive/gwtd03/htmlarchive/gwtd03/global-wordpress-translation-day-3/#respond</comments>
		<pubDate>Tue, 22 Aug 2017 10:05:00 +0000</pubDate>
		<dc:creator><![CDATA[Pascal Casier]]></dc:creator>
				<category><![CDATA[Blog]]></category>

		<guid isPermaLink="false">https://https://https://wptranslationday.org/htmlarchive/gwtd03/htmlarchive/gwtd03/?p=383</guid>
		<description><![CDATA[<p>It is happening again! On September 30th, international translation day, we&#8217;re inviting everyone who wants to help translate WordPress, themes, and plugins into their own language, to join us for a 24-hour global translation sprint! What are we doing? For everyone who&#8217;s new to the Translation Day events, here&#8217;s a summary of what we do [&#8230;]</p>
<p>The post <a rel="nofollow" href="https://https://https://wptranslationday.org/htmlarchive/gwtd03/htmlarchive/gwtd03/global-wordpress-translation-day-3/">Global WordPress Translation Day #3</a> appeared first on <a rel="nofollow" href="https://https://https://wptranslationday.org/htmlarchive/gwtd03/htmlarchive/gwtd03/">Global WordPress Translation Day 3</a>.</p>
]]></description>
				<content:encoded><![CDATA[<p><a href="https://https://https://wptranslationday.org/htmlarchive/gwtd03/htmlarchive/gwtd03/"><img class="wp-image-13464 size-full alignnone" src="https://make.wordpress.org/polyglots/files/2017/08/WPTD3-FB_event_Cover.png" alt="Infobanner for Global WordPress Translation Day" width="851" height="315" /></a></p>
<p>It is happening again! On September 30th, international translation day, we&#8217;re inviting everyone who wants to help translate WordPress, themes, and plugins into their own language, to join us for a 24-hour global translation sprint!</p>
<h2>What are we doing?</h2>
<p>For everyone who&#8217;s new to the Translation Day events, here&#8217;s a summary of what we do during one:</p>
<ul>
<li>Local translation contributor days – on site events in different cities around the world (last time we had more than 60, let’s beat that!)</li>
<li>Remote support for as many languages as possible to help contributors who would like to join from their home</li>
<li><a href="https://www.crowdcast.io/e/gwtd3/">24 hours of live streaming sessions</a> dedicated to different topics around WordPress localization and internationalization (L10n and i18n).</li>
</ul>
<h2>Who are the sessions for?</h2>
<ul>
<li>Everyone who would like to learn how to translate WordPress in their language</li>
<li>New and experienced translation editors – the sessions will have useful tips and advice how to build and maintain a strong translation team</li>
<li>Developers who would like to find translators for their projects – the sessions will teach you how to work with the polyglots team and how to build a translation community around your products</li>
<li>Developers who would like to learn how to prepare their plugins and themes for localization</li>
<li>Everyone who would like to learn how translations work in WordPress and get a general idea of the work of the Polyglots team.</li>
</ul>
<h2>When is it happening?</h2>
<p>On September 30th, 2017, starting at <a href="https://https://https://wptranslationday.org/htmlarchive/gwtd03/htmlarchive/gwtd03/#when">exactly 00:00 UTC</a>. (<a href="http://arewemeetingyet.com/UTC/2017-09-30/00:00/Global%20WordPress%20Translation%20Day%203">See when the event starts for you</a>!)</p>
<p>Please see<a href="https://https://https://wptranslationday.org/htmlarchive/gwtd03/htmlarchive/gwtd03/#when"> all relevant details on our event website.</a></p>
<h2>Why are we doing it?</h2>
<ul>
<li>To have fun and get to know each other better.</li>
<li>To encourage more translation contributors to get involved and expand the WordPress Polyglots team</li>
<li>To educate existing translation contributors and project translation editors to reduce the amount of waiting strings.</li>
<li>To improve the general understanding of how WordPress deals with translations among the development community</li>
<li>To create strong connections between the plugin and theme authors and the WordPress translation community</li>
<li>To educate translation editors to use the existing tools to improve the experience.</li>
</ul>
<h2>How can you join?</h2>
<ul>
<li><strong>Translate</strong> – Just join us on September 30th in your own timezone and translate WordPress or your favorite plugins and themes to your language at <a href="http://translate.wordpress.org/">http://translate.wordpress.org/</a> and perhaps even see your translation go live on your own WordPress site.</li>
<li><strong>Watch live sessions</strong> at <a href="https://www.crowdcast.io/e/gwtd3/">https://www.crowdcast.io/e/gwtd3/<br />
</a></li>
<li><strong>Organize a local event</strong> – put your name down for organizing an event <del>in the <a href="https://docs.google.com/spreadsheets/d/1Fecq1StAPn9nDgabGMLdXiqszWkkxP6-5cM5YHXwLPg/edit?usp=drivesdk">“Local events” tab on the GWTD3 org spreadsheet</a></del> and fill in your local events details in the <a href="https://https://https://wptranslationday.org/htmlarchive/gwtd03/htmlarchive/gwtd03/add-local-events/">form on wptranslationday.org</a></li>
<li><strong>Organize a remote event</strong> – put your name down for organizing a remote event in the <a href="https://docs.google.com/spreadsheets/d/1Fecq1StAPn9nDgabGMLdXiqszWkkxP6-5cM5YHXwLPg/edit?usp=drivesdk">“Remote events” tab on the GWTD3 org spreadsheet</a></li>
<li><strong>Join the organizing team</strong> of Global WordPress Translation Day –  simply join the special <a href="https://wordpress.slack.com/messages/polyglots-events/">slack channel</a>!</li>
<li><strong>Speak</strong> – Become a speaker during Global WordPress Translation Day – <a href="https://https://https://wptranslationday.org/htmlarchive/gwtd03/htmlarchive/gwtd03/call-for-speaker/">suggest a topic by filling this short survey</a></li>
</ul>
<p>Looking forward to contributing with you. <strong>Happy translating! </strong></p>
<p>Birgit<br />
<em>Global Polyglots team mentor</em><br />
<em>Lead for communication &#8211; Global WordPress Translation Day organizing team</em></p>
<hr />
<p>P.S Important links:</p>
<ul>
<li>Organizer spreadsheet: <a href="https://goo.gl/M9Vszp">https://goo.gl/M9Vszp</a></li>
<li>CrowdCast event: <a href="https://www.crowdcast.io/e/gwtd3/">https://www.crowdcast.io/e/gwtd3/</a></li>
<li>WPTranslationDay official website: <a href="https://https://https://wptranslationday.org/htmlarchive/gwtd03/htmlarchive/gwtd03/">https://https://https://wptranslationday.org/htmlarchive/gwtd03/htmlarchive/gwtd03/</a></li>
<li>Call for Speaker poll: <a href="https://https://https://wptranslationday.org/htmlarchive/gwtd03/htmlarchive/gwtd03/call-for-speaker/">https://https://https://wptranslationday.org/htmlarchive/gwtd03/htmlarchive/gwtd03/call-for-speaker/</a></li>
<li>Call for local events: <a href="https://https://https://wptranslationday.org/htmlarchive/gwtd03/htmlarchive/gwtd03/add-local-events/">https://https://https://wptranslationday.org/htmlarchive/gwtd03/htmlarchive/gwtd03/add-local-events/</a></li>
<li>[Guide] <a href="https://make.wordpress.org/polyglots/handbook/about/get-involved/guide-organize-a-local-event-on-global-wordpress-translation-day/">Organize a local event on Global WordPress Translation Day</a></li>
<li>Events Slack Channel: <a href="https://wordpress.slack.com/messages/polyglots-events">#polyglots-events</a></li>
<li>WP Polyglots Twitter: <a href="https://twitter.com/translatewp">https://twitter.com/translatewp</a></li>
<li>Follow <a href="https://https://https://wptranslationday.org/htmlarchive/gwtd03/htmlarchive/gwtd03/social-mentions/">#wptranslationday</a></li>
</ul>
<h3>Further reading</h3>
<p>Want to read more about previous Translation Days, watch videos and learn how they were organized? Here are a few links:</p>
<ul>
<li><a href="https://make.wordpress.org/polyglots/2016/04/26/global-wordpress-translation-day-recap-results/">Translation Day 1 results and recap</a></li>
<li><a href="https://make.wordpress.org/polyglots/2016/11/18/global-wordpress-translation-day-2-recap-and-results/">Translation Day 2 results and recap</a></li>
<li><a href="https://make.wordpress.org/polyglots/2016/10/10/a-guide-to-your-global-wordpress-translation-day-local-event/">A Guide to your local translation day</a></li>
<li><a href="http://wordpress.tv/event/global-wordpress-translation-day-2016/">Videos from WordPress Translation Day 1</a></li>
<li><a href="http://wordpress.tv/event/global-wordpress-translation-day-2/">Videos from WordPress Translation Day 2</a></li>
</ul>
<p>The post <a rel="nofollow" href="https://https://https://wptranslationday.org/htmlarchive/gwtd03/htmlarchive/gwtd03/global-wordpress-translation-day-3/">Global WordPress Translation Day #3</a> appeared first on <a rel="nofollow" href="https://https://https://wptranslationday.org/htmlarchive/gwtd03/htmlarchive/gwtd03/">Global WordPress Translation Day 3</a>.</p>
]]></content:encoded>
			<wfw:commentRss>https://https://https://wptranslationday.org/htmlarchive/gwtd03/htmlarchive/gwtd03/global-wordpress-translation-day-3/feed/</wfw:commentRss>
		<slash:comments>0</slash:comments>
		</item>
	</channel>
</rss>
